Data,Durata,Consumo,Compito
01/01/22,0.72,0.5,mani
01/01/22,60.0,106.67,bagno
01/01/22,8.0,31.11,doccia
01/01/22,4.0,0.7,denti
01/01/22,40.0,20.56,piatti
01/01/22,20.0,153.33,auto
02/01/22,0.89,0.8,mani
02/01/22,60.0,126.67,bagno
02/01/22,5.0,40.0,doccia
02/01/22,4.0,0.7,denti
02/01/22,35.0,16.11,piatti
02/01/22,20.0,147.78,auto
03/01/22,0.56,0.2,mani
03/01/22,30.0,146.67,bagno
03/01/22,10.0,33.33,doccia
03/01/22,4.0,0.5,denti
03/01/22,40.0,25.0,piatti
03/01/22,30.0,125.56,auto
04/01/22,0.67,0.3,mani
04/01/22,52.5,113.33,bagno
04/01/22,4.0,28.89,doccia
04/01/22,2.0,0.5,denti
04/01/22,35.0,25.0,piatti
04/01/22,20.0,170.0,auto
05/01/22,0.94,0.3,mani
05/01/22,30.0,160.0,bagno
05/01/22,6.0,31.11,doccia
05/01/22,2.0,0.8,denti
05/01/22,20.0,17.22,piatti
05/01/22,40.0,136.67,auto
06/01/22,0.56,0.2,mani
06/01/22,45.0,140.0,bagno
06/01/22,5.0,37.78,doccia
06/01/22,3.5,0.7,denti
06/01/22,25.0,17.22,piatti
06/01/22,30.0,120.0,auto
07/01/22,0.83,0.3,mani
07/01/22,52.5,106.67,bagno
07/01/22,11.0,33.33,doccia
07/01/22,3.5,0.8,denti
07/01/22,30.0,23.89,piatti
07/01/22,30.0,131.11,auto
08/01/22,0.89,0.2,mani
08/01/22,45.0,133.33,bagno
08/01/22,8.0,28.89,doccia
08/01/22,3.5,0.4,denti
08/01/22,20.0,25.0,piatti
08/01/22,20.0,125.56,auto
09/01/22,0.67,0.6,mani
09/01/22,30.0,140.0,bagno
09/01/22,6.0,28.89,doccia
09/01/22,2.0,1.1,denti
09/01/22,35.0,15.0,piatti
09/01/22,30.0,164.44,auto
10/01/22,0.72,0.6,mani
10/01/22,37.5,100.0,bagno
10/01/22,10.0,24.44,doccia
10/01/22,3.5,1.1,denti
10/01/22,20.0,18.33,piatti
10/01/22,40.0,164.44,auto
11/01/22,0.72,0.5,mani
11/01/22,52.5,113.33,bagno
11/01/22,8.0,37.78,doccia
11/01/22,3.0,0.9,denti
11/01/22,25.0,17.22,piatti
11/01/22,40.0,153.33,auto
12/01/22,0.72,0.2,mani
12/01/22,37.5,113.33,bagno
12/01/22,6.0,33.33,doccia
12/01/22,4.0,0.4,denti
12/01/22,25.0,15.0,piatti
12/01/22,30.0,153.33,auto
13/01/22,0.83,0.9,mani
13/01/22,30.0,126.67,bagno
13/01/22,4.0,35.56,doccia
13/01/22,4.0,1.1,denti
13/01/22,40.0,17.22,piatti
13/01/22,25.0,136.67,auto
14/01/22,0.89,0.5,mani
14/01/22,37.5,133.33,bagno
14/01/22,7.0,31.11,doccia
14/01/22,4.0,0.3,denti
14/01/22,20.0,15.0,piatti
14/01/22,40.0,125.56,auto
15/01/22,0.61,1.0,mani
15/01/22,45.0,153.33,bagno
15/01/22,4.0,26.67,doccia
15/01/22,3.5,0.9,denti
15/01/22,40.0,19.44,piatti
15/01/22,35.0,131.11,auto
16/01/22,0.72,0.5,mani
16/01/22,37.5,146.67,bagno
16/01/22,11.0,40.0,doccia
16/01/22,2.5,0.6,denti
16/01/22,30.0,21.67,piatti
16/01/22,30.0,131.11,auto
17/01/22,0.72,0.3,mani
17/01/22,60.0,140.0,bagno
17/01/22,10.0,35.56,doccia
17/01/22,2.0,0.7,denti
17/01/22,20.0,20.56,piatti
17/01/22,40.0,125.56,auto
18/01/22,0.5,0.4,mani
18/01/22,60.0,100.0,bagno
18/01/22,6.0,33.33,doccia
18/01/22,2.5,0.7,denti
18/01/22,40.0,23.89,piatti
18/01/22,30.0,120.0,auto
19/01/22,0.83,0.8,mani
19/01/22,45.0,160.0,bagno
19/01/22,5.0,31.11,doccia
19/01/22,4.0,0.8,denti
19/01/22,40.0,15.0,piatti
19/01/22,35.0,120.0,auto
20/01/22,0.5,1.0,mani
20/01/22,30.0,140.0,bagno
20/01/22,5.0,24.44,doccia
20/01/22,3.5,0.6,denti
20/01/22,30.0,21.67,piatti
20/01/22,20.0,153.33,auto
21/01/22,0.83,0.6,mani
21/01/22,30.0,146.67,bagno
21/01/22,5.0,31.11,doccia
21/01/22,3.0,0.5,denti
21/01/22,40.0,17.22,piatti
21/01/22,25.0,136.67,auto
22/01/22,0.5,0.3,mani
22/01/22,60.0,160.0,bagno
22/01/22,5.0,35.56,doccia
22/01/22,2.5,1.2,denti
22/01/22,35.0,21.67,piatti
22/01/22,25.0,153.33,auto
23/01/22,0.94,0.2,mani
23/01/22,52.5,140.0,bagno
23/01/22,9.0,24.44,doccia
23/01/22,3.5,0.5,denti
23/01/22,35.0,23.89,piatti
23/01/22,25.0,153.33,auto
24/01/22,0.94,0.4,mani
24/01/22,37.5,126.67,bagno
24/01/22,11.0,26.67,doccia
24/01/22,4.0,0.5,denti
24/01/22,25.0,20.56,piatti
24/01/22,25.0,153.33,auto
25/01/22,0.61,0.9,mani
25/01/22,37.5,140.0,bagno
25/01/22,8.0,24.44,doccia
25/01/22,4.0,0.8,denti
25/01/22,35.0,17.22,piatti
25/01/22,20.0,158.89,auto
26/01/22,0.72,0.9,mani
26/01/22,30.0,153.33,bagno
26/01/22,8.0,37.78,doccia
26/01/22,2.5,0.6,denti
26/01/22,20.0,15.0,piatti
26/01/22,25.0,153.33,auto
27/01/22,0.72,0.9,mani
27/01/22,37.5,126.67,bagno
27/01/22,9.0,33.33,doccia
27/01/22,2.5,0.9,denti
27/01/22,40.0,16.11,piatti
27/01/22,30.0,147.78,auto
28/01/22,1.0,0.9,mani
28/01/22,45.0,133.33,bagno
28/01/22,9.0,37.78,doccia
28/01/22,4.0,0.7,denti
28/01/22,25.0,22.78,piatti
28/01/22,30.0,158.89,auto
29/01/22,0.72,0.2,mani
29/01/22,37.5,146.67,bagno
29/01/22,9.0,26.67,doccia
29/01/22,3.5,1.2,denti
29/01/22,40.0,19.44,piatti
29/01/22,20.0,125.56,auto
30/01/22,0.67,0.2,mani
30/01/22,30.0,106.67,bagno
30/01/22,11.0,28.89,doccia
30/01/22,3.0,0.3,denti
30/01/22,35.0,17.22,piatti
30/01/22,35.0,170.0,auto
31/01/22,0.89,0.6,mani
31/01/22,60.0,140.0,bagno
31/01/22,7.0,31.11,doccia
31/01/22,2.0,1.1,denti
31/01/22,30.0,23.89,piatti
31/01/22,20.0,158.89,auto
01/02/22,0.61,0.4,mani
01/02/22,37.5,106.67,bagno
01/02/22,6.0,24.44,doccia
01/02/22,3.0,0.5,denti
01/02/22,30.0,16.11,piatti
01/02/22,35.0,147.78,auto
02/02/22,0.78,0.5,mani
02/02/22,60.0,146.67,bagno
02/02/22,10.0,40.0,doccia
02/02/22,4.0,1.0,denti
02/02/22,30.0,19.44,piatti
02/02/22,25.0,120.0,auto
03/02/22,0.72,0.9,mani
03/02/22,45.0,146.67,bagno
03/02/22,4.0,31.11,doccia
03/02/22,2.5,1.1,denti
03/02/22,30.0,16.11,piatti
03/02/22,20.0,142.22,auto
04/02/22,0.89,0.2,mani
04/02/22,52.5,100.0,bagno
04/02/22,8.0,31.11,doccia
04/02/22,4.0,0.6,denti
04/02/22,30.0,17.22,piatti
04/02/22,30.0,136.67,auto
05/02/22,0.78,0.8,mani
05/02/22,30.0,133.33,bagno
05/02/22,4.0,33.33,doccia
05/02/22,2.5,1.2,denti
05/02/22,40.0,22.78,piatti
05/02/22,20.0,164.44,auto
06/02/22,0.56,0.7,mani
06/02/22,45.0,106.67,bagno
06/02/22,5.0,31.11,doccia
06/02/22,3.0,0.8,denti
06/02/22,20.0,18.33,piatti
06/02/22,20.0,158.89,auto
07/02/22,0.94,0.6,mani
07/02/22,52.5,113.33,bagno
07/02/22,5.0,40.0,doccia
07/02/22,3.0,1.0,denti
07/02/22,25.0,25.0,piatti
07/02/22,25.0,142.22,auto
08/02/22,0.72,0.2,mani
08/02/22,52.5,100.0,bagno
08/02/22,8.0,20.0,doccia
08/02/22,2.5,1.2,denti
08/02/22,40.0,20.56,piatti
08/02/22,30.0,131.11,auto
09/02/22,0.61,0.6,mani
09/02/22,60.0,126.67,bagno
09/02/22,4.0,24.44,doccia
09/02/22,3.5,0.3,denti
09/02/22,35.0,18.33,piatti
09/02/22,20.0,131.11,auto
10/02/22,0.94,0.7,mani
10/02/22,30.0,120.0,bagno
10/02/22,9.0,37.78,doccia
10/02/22,4.0,0.5,denti
10/02/22,35.0,20.56,piatti
10/02/22,35.0,147.78,auto
11/02/22,0.89,0.9,mani
11/02/22,52.5,120.0,bagno
11/02/22,8.0,24.44,doccia
11/02/22,2.5,0.6,denti
11/02/22,25.0,15.0,piatti
11/02/22,30.0,147.78,auto
12/02/22,0.89,1.0,mani
12/02/22,45.0,146.67,bagno
12/02/22,11.0,37.78,doccia
12/02/22,4.0,0.9,denti
12/02/22,25.0,25.0,piatti
12/02/22,25.0,131.11,auto
13/02/22,0.89,0.3,mani
13/02/22,37.5,100.0,bagno
13/02/22,8.0,24.44,doccia
13/02/22,3.0,0.9,denti
13/02/22,35.0,19.44,piatti
13/02/22,30.0,147.78,auto
14/02/22,1.0,0.8,mani
14/02/22,60.0,153.33,bagno
14/02/22,6.0,33.33,doccia
14/02/22,4.0,0.9,denti
14/02/22,35.0,17.22,piatti
14/02/22,20.0,136.67,auto
15/02/22,0.56,0.5,mani
15/02/22,30.0,153.33,bagno
15/02/22,5.0,33.33,doccia
15/02/22,4.0,0.7,denti
15/02/22,20.0,23.89,piatti
15/02/22,20.0,164.44,auto
16/02/22,0.67,0.9,mani
16/02/22,52.5,160.0,bagno
16/02/22,7.0,33.33,doccia
16/02/22,3.0,0.3,denti
16/02/22,25.0,23.89,piatti
16/02/22,40.0,164.44,auto
17/02/22,0.83,1.0,mani
17/02/22,37.5,106.67,bagno
17/02/22,10.0,28.89,doccia
17/02/22,2.5,0.8,denti
17/02/22,30.0,20.56,piatti
17/02/22,25.0,170.0,auto
18/02/22,0.5,0.9,mani
18/02/22,37.5,133.33,bagno
18/02/22,8.0,26.67,doccia
18/02/22,2.0,0.9,denti
18/02/22,25.0,23.89,piatti
18/02/22,35.0,158.89,auto
19/02/22,0.72,0.2,mani
19/02/22,45.0,140.0,bagno
19/02/22,8.0,35.56,doccia
19/02/22,3.0,0.4,denti
19/02/22,40.0,23.89,piatti
19/02/22,25.0,170.0,auto
20/02/22,0.89,0.5,mani
20/02/22,45.0,120.0,bagno
20/02/22,6.0,31.11,doccia
20/02/22,2.0,0.3,denti
20/02/22,25.0,23.89,piatti
20/02/22,20.0,147.78,auto
21/02/22,0.61,0.3,mani
21/02/22,30.0,146.67,bagno
21/02/22,4.0,35.56,doccia
21/02/22,3.5,0.4,denti
21/02/22,35.0,25.0,piatti
21/02/22,35.0,170.0,auto
22/02/22,0.72,0.8,mani
22/02/22,30.0,106.67,bagno
22/02/22,11.0,35.56,doccia
22/02/22,2.0,1.1,denti
22/02/22,25.0,19.44,piatti
22/02/22,25.0,170.0,auto
23/02/22,0.5,0.3,mani
23/02/22,30.0,106.67,bagno
23/02/22,5.0,24.44,doccia
23/02/22,3.0,0.3,denti
23/02/22,20.0,18.33,piatti
23/02/22,35.0,164.44,auto
24/02/22,0.83,0.5,mani
24/02/22,37.5,146.67,bagno
24/02/22,7.0,40.0,doccia
24/02/22,4.0,1.1,denti
24/02/22,40.0,18.33,piatti
24/02/22,40.0,142.22,auto
25/02/22,0.61,0.8,mani
25/02/22,37.5,106.67,bagno
25/02/22,11.0,26.67,doccia
25/02/22,3.0,0.3,denti
25/02/22,35.0,19.44,piatti
25/02/22,20.0,147.78,auto
26/02/22,0.56,0.2,mani
26/02/22,37.5,120.0,bagno
26/02/22,4.0,35.56,doccia
26/02/22,2.0,0.4,denti
26/02/22,35.0,25.0,piatti
26/02/22,20.0,153.33,auto
27/02/22,0.61,0.9,mani
27/02/22,30.0,160.0,bagno
27/02/22,4.0,20.0,doccia
27/02/22,2.5,0.4,denti
27/02/22,30.0,19.44,piatti
27/02/22,25.0,131.11,auto
28/02/22,0.67,0.4,mani
28/02/22,30.0,113.33,bagno
28/02/22,10.0,31.11,doccia
28/02/22,2.0,0.4,denti
28/02/22,40.0,22.78,piatti
28/02/22,30.0,136.67,auto
01/03/22,0.72,0.3,mani
01/03/22,52.5,126.67,bagno
01/03/22,6.0,20.0,doccia
01/03/22,2.5,0.6,denti
01/03/22,25.0,16.11,piatti
01/03/22,30.0,120.0,auto
02/03/22,1.0,1.0,mani
02/03/22,37.5,140.0,bagno
02/03/22,10.0,28.89,doccia
02/03/22,3.5,0.4,denti
02/03/22,40.0,25.0,piatti
02/03/22,30.0,136.67,auto
03/03/22,0.89,0.6,mani
03/03/22,52.5,133.33,bagno
03/03/22,11.0,40.0,doccia
03/03/22,4.0,1.0,denti
03/03/22,25.0,23.89,piatti
03/03/22,35.0,170.0,auto
04/03/22,0.61,0.5,mani
04/03/22,45.0,160.0,bagno
04/03/22,10.0,24.44,doccia
04/03/22,3.5,1.2,denti
04/03/22,30.0,17.22,piatti
04/03/22,25.0,147.78,auto
05/03/22,0.61,0.2,mani
05/03/22,60.0,106.67,bagno
05/03/22,9.0,20.0,doccia
05/03/22,2.5,0.5,denti
05/03/22,20.0,17.22,piatti
05/03/22,20.0,136.67,auto
06/03/22,0.78,0.8,mani
06/03/22,52.5,140.0,bagno
06/03/22,11.0,20.0,doccia
06/03/22,3.5,1.0,denti
06/03/22,20.0,22.78,piatti
06/03/22,20.0,170.0,auto
07/03/22,0.67,0.2,mani
07/03/22,37.5,146.67,bagno
07/03/22,10.0,40.0,doccia
07/03/22,2.5,0.3,denti
07/03/22,25.0,15.0,piatti
07/03/22,30.0,164.44,auto
08/03/22,0.72,0.5,mani
08/03/22,30.0,126.67,bagno
08/03/22,11.0,28.89,doccia
08/03/22,2.0,0.4,denti
08/03/22,30.0,21.67,piatti
08/03/22,30.0,164.44,auto
09/03/22,0.89,1.0,mani
09/03/22,45.0,160.0,bagno
09/03/22,9.0,31.11,doccia
09/03/22,3.5,1.0,denti
09/03/22,35.0,23.89,piatti
09/03/22,40.0,120.0,auto
10/03/22,0.83,0.8,mani
10/03/22,52.5,133.33,bagno
10/03/22,11.0,28.89,doccia
10/03/22,2.5,0.7,denti
10/03/22,25.0,16.11,piatti
10/03/22,20.0,153.33,auto
11/03/22,0.89,1.0,mani
11/03/22,30.0,146.67,bagno
11/03/22,5.0,37.78,doccia
11/03/22,2.5,0.9,denti
11/03/22,30.0,15.0,piatti
11/03/22,40.0,142.22,auto
12/03/22,0.72,0.3,mani
12/03/22,60.0,160.0,bagno
12/03/22,8.0,40.0,doccia
12/03/22,3.0,1.2,denti
12/03/22,30.0,19.44,piatti
12/03/22,20.0,170.0,auto
13/03/22,0.5,0.2,mani
13/03/22,45.0,100.0,bagno
13/03/22,9.0,26.67,doccia
13/03/22,2.5,0.8,denti
13/03/22,20.0,22.78,piatti
13/03/22,30.0,147.78,auto
14/03/22,0.94,0.6,mani
14/03/22,37.5,133.33,bagno
14/03/22,6.0,28.89,doccia
14/03/22,2.0,0.7,denti
14/03/22,40.0,16.11,piatti
14/03/22,30.0,170.0,auto
15/03/22,0.61,0.6,mani
15/03/22,37.5,153.33,bagno
15/03/22,6.0,28.89,doccia
15/03/22,2.0,0.8,denti
15/03/22,20.0,20.56,piatti
15/03/22,40.0,136.67,auto
16/03/22,0.78,0.9,mani
16/03/22,30.0,146.67,bagno
16/03/22,11.0,20.0,doccia
16/03/22,4.0,1.0,denti
16/03/22,35.0,17.22,piatti
16/03/22,40.0,131.11,auto
17/03/22,0.94,0.9,mani
17/03/22,37.5,100.0,bagno
17/03/22,7.0,40.0,doccia
17/03/22,3.5,0.6,denti
17/03/22,40.0,17.22,piatti
17/03/22,30.0,170.0,auto
18/03/22,0.89,0.5,mani
18/03/22,37.5,160.0,bagno
18/03/22,7.0,28.89,doccia
18/03/22,2.0,0.6,denti
18/03/22,40.0,17.22,piatti
18/03/22,25.0,158.89,auto
19/03/22,0.72,0.8,mani
19/03/22,37.5,120.0,bagno
19/03/22,9.0,40.0,doccia
19/03/22,2.0,0.4,denti
19/03/22,30.0,16.11,piatti
19/03/22,40.0,158.89,auto
20/03/22,0.78,0.3,mani
20/03/22,37.5,133.33,bagno
20/03/22,11.0,33.33,doccia
20/03/22,2.5,0.6,denti
20/03/22,25.0,15.0,piatti
20/03/22,20.0,147.78,auto
21/03/22,0.83,0.5,mani
21/03/22,37.5,106.67,bagno
21/03/22,4.0,26.67,doccia
21/03/22,2.0,0.7,denti
21/03/22,40.0,19.44,piatti
21/03/22,35.0,131.11,auto
22/03/22,0.89,0.4,mani
22/03/22,37.5,126.67,bagno
22/03/22,9.0,33.33,doccia
22/03/22,2.0,0.8,denti
22/03/22,20.0,17.22,piatti
22/03/22,25.0,125.56,auto
23/03/22,0.5,1.0,mani
23/03/22,45.0,140.0,bagno
23/03/22,9.0,26.67,doccia
23/03/22,3.0,1.1,denti
23/03/22,30.0,25.0,piatti
23/03/22,35.0,136.67,auto
24/03/22,0.94,0.5,mani
24/03/22,52.5,140.0,bagno
24/03/22,8.0,40.0,doccia
24/03/22,4.0,0.5,denti
24/03/22,40.0,19.44,piatti
24/03/22,40.0,125.56,auto
25/03/22,0.83,0.3,mani
25/03/22,60.0,106.67,bagno
25/03/22,11.0,40.0,doccia
25/03/22,3.5,1.0,denti
25/03/22,20.0,23.89,piatti
25/03/22,35.0,125.56,auto
26/03/22,0.67,0.5,mani
26/03/22,60.0,106.67,bagno
26/03/22,4.0,37.78,doccia
26/03/22,3.5,1.2,denti
26/03/22,35.0,20.56,piatti
26/03/22,30.0,158.89,auto
27/03/22,0.67,0.4,mani
27/03/22,45.0,106.67,bagno
27/03/22,4.0,24.44,doccia
27/03/22,2.0,0.3,denti
27/03/22,40.0,16.11,piatti
27/03/22,40.0,164.44,auto
28/03/22,0.61,0.5,mani
28/03/22,30.0,106.67,bagno
28/03/22,8.0,26.67,doccia
28/03/22,3.0,1.1,denti
28/03/22,35.0,23.89,piatti
28/03/22,35.0,136.67,auto
29/03/22,1.0,0.3,mani
29/03/22,37.5,133.33,bagno
29/03/22,9.0,31.11,doccia
29/03/22,2.0,1.1,denti
29/03/22,40.0,16.11,piatti
29/03/22,20.0,120.0,auto
30/03/22,0.67,0.7,mani
30/03/22,30.0,140.0,bagno
30/03/22,8.0,20.0,doccia
30/03/22,3.0,1.2,denti
30/03/22,40.0,23.89,piatti
30/03/22,40.0,164.44,auto
31/03/22,1.0,0.4,mani
31/03/22,30.0,160.0,bagno
31/03/22,4.0,20.0,doccia
31/03/22,3.0,0.3,denti
31/03/22,40.0,19.44,piatti
31/03/22,20.0,120.0,auto
01/04/22,0.5,0.2,mani
01/04/22,45.0,126.67,bagno
01/04/22,8.0,26.67,doccia
01/04/22,4.0,0.6,denti
01/04/22,25.0,18.33,piatti
01/04/22,20.0,136.67,auto
02/04/22,0.83,1.0,mani
02/04/22,45.0,120.0,bagno
02/04/22,5.0,31.11,doccia
02/04/22,4.0,1.0,denti
02/04/22,40.0,17.22,piatti
02/04/22,20.0,153.33,auto
03/04/22,0.94,0.9,mani
03/04/22,60.0,160.0,bagno
03/04/22,5.0,33.33,doccia
03/04/22,3.0,1.1,denti
03/04/22,20.0,20.56,piatti
03/04/22,20.0,120.0,auto
04/04/22,1.0,0.3,mani
04/04/22,45.0,113.33,bagno
04/04/22,10.0,28.89,doccia
04/04/22,3.5,0.8,denti
04/04/22,35.0,21.67,piatti
04/04/22,25.0,147.78,auto
05/04/22,0.67,1.0,mani
05/04/22,60.0,133.33,bagno
05/04/22,10.0,26.67,doccia
05/04/22,3.0,0.8,denti
05/04/22,40.0,25.0,piatti
05/04/22,25.0,153.33,auto
06/04/22,0.78,0.7,mani
06/04/22,30.0,140.0,bagno
06/04/22,11.0,20.0,doccia
06/04/22,2.0,0.6,denti
06/04/22,40.0,19.44,piatti
06/04/22,35.0,153.33,auto
07/04/22,0.94,0.9,mani
07/04/22,60.0,120.0,bagno
07/04/22,11.0,37.78,doccia
07/04/22,3.0,1.2,denti
07/04/22,40.0,22.78,piatti
07/04/22,20.0,131.11,auto
08/04/22,0.5,0.2,mani
08/04/22,60.0,160.0,bagno
08/04/22,6.0,37.78,doccia
08/04/22,3.5,1.2,denti
08/04/22,35.0,21.67,piatti
08/04/22,25.0,142.22,auto
09/04/22,0.5,0.5,mani
09/04/22,52.5,100.0,bagno
09/04/22,6.0,31.11,doccia
09/04/22,2.5,1.2,denti
09/04/22,40.0,17.22,piatti
09/04/22,30.0,158.89,auto
10/04/22,0.89,0.9,mani
10/04/22,45.0,126.67,bagno
10/04/22,9.0,37.78,doccia
10/04/22,2.5,0.6,denti
10/04/22,40.0,23.89,piatti
10/04/22,30.0,164.44,auto
11/04/22,1.0,0.2,mani
11/04/22,52.5,113.33,bagno
11/04/22,5.0,28.89,doccia
11/04/22,2.0,0.9,denti
11/04/22,25.0,22.78,piatti
11/04/22,25.0,136.67,auto
12/04/22,0.83,0.5,mani
12/04/22,37.5,106.67,bagno
12/04/22,5.0,22.22,doccia
12/04/22,4.0,1.0,denti
12/04/22,30.0,22.78,piatti
12/04/22,25.0,147.78,auto
13/04/22,0.61,0.6,mani
13/04/22,60.0,153.33,bagno
13/04/22,5.0,26.67,doccia
13/04/22,3.5,0.5,denti
13/04/22,20.0,18.33,piatti
13/04/22,35.0,164.44,auto
14/04/22,1.0,1.0,mani
14/04/22,45.0,120.0,bagno
14/04/22,5.0,37.78,doccia
14/04/22,2.0,1.1,denti
14/04/22,35.0,25.0,piatti
14/04/22,35.0,170.0,auto
15/04/22,0.56,0.6,mani
15/04/22,52.5,153.33,bagno
15/04/22,9.0,35.56,doccia
15/04/22,2.0,1.0,denti
15/04/22,30.0,21.67,piatti
15/04/22,35.0,125.56,auto
16/04/22,1.0,1.0,mani
16/04/22,30.0,120.0,bagno
16/04/22,7.0,40.0,doccia
16/04/22,3.5,0.6,denti
16/04/22,20.0,18.33,piatti
16/04/22,35.0,147.78,auto
17/04/22,0.5,0.2,mani
17/04/22,52.5,100.0,bagno
17/04/22,8.0,26.67,doccia
17/04/22,2.0,1.0,denti
17/04/22,25.0,23.89,piatti
17/04/22,40.0,125.56,auto
18/04/22,0.56,0.7,mani
18/04/22,52.5,140.0,bagno
18/04/22,9.0,20.0,doccia
18/04/22,3.5,0.6,denti
18/04/22,30.0,15.0,piatti
18/04/22,40.0,147.78,auto
19/04/22,0.83,0.7,mani
19/04/22,52.5,106.67,bagno
19/04/22,11.0,31.11,doccia
19/04/22,3.5,0.9,denti
19/04/22,40.0,19.44,piatti
19/04/22,25.0,131.11,auto
20/04/22,0.83,0.9,mani
20/04/22,60.0,113.33,bagno
20/04/22,10.0,28.89,doccia
20/04/22,2.0,0.6,denti
20/04/22,20.0,23.89,piatti
20/04/22,35.0,147.78,auto
21/04/22,0.89,0.9,mani
21/04/22,37.5,133.33,bagno
21/04/22,10.0,26.67,doccia
21/04/22,3.5,0.4,denti
21/04/22,40.0,19.44,piatti
21/04/22,35.0,147.78,auto
22/04/22,0.89,0.5,mani
22/04/22,30.0,120.0,bagno
22/04/22,11.0,26.67,doccia
22/04/22,4.0,1.0,denti
22/04/22,20.0,15.0,piatti
22/04/22,30.0,120.0,auto
23/04/22,1.0,0.3,mani
23/04/22,30.0,146.67,bagno
23/04/22,5.0,20.0,doccia
23/04/22,3.0,0.9,denti
23/04/22,30.0,19.44,piatti
23/04/22,30.0,125.56,auto
24/04/22,0.56,0.8,mani
24/04/22,37.5,126.67,bagno
24/04/22,7.0,31.11,doccia
24/04/22,3.5,0.6,denti
24/04/22,20.0,23.89,piatti
24/04/22,35.0,125.56,auto
25/04/22,1.0,0.5,mani
25/04/22,60.0,113.33,bagno
25/04/22,5.0,35.56,doccia
25/04/22,2.0,0.5,denti
25/04/22,40.0,17.22,piatti
25/04/22,40.0,153.33,auto
26/04/22,0.83,0.9,mani
26/04/22,37.5,120.0,bagno
26/04/22,4.0,31.11,doccia
26/04/22,3.5,1.2,denti
26/04/22,35.0,25.0,piatti
26/04/22,30.0,120.0,auto
27/04/22,0.5,0.7,mani
27/04/22,52.5,153.33,bagno
27/04/22,6.0,40.0,doccia
27/04/22,2.0,0.8,denti
27/04/22,35.0,17.22,piatti
27/04/22,30.0,136.67,auto
28/04/22,0.67,0.6,mani
28/04/22,37.5,146.67,bagno
28/04/22,4.0,26.67,doccia
28/04/22,2.0,0.4,denti
28/04/22,25.0,17.22,piatti
28/04/22,35.0,142.22,auto
29/04/22,0.72,0.8,mani
29/04/22,60.0,140.0,bagno
29/04/22,5.0,33.33,doccia
29/04/22,3.5,0.6,denti
29/04/22,30.0,15.0,piatti
29/04/22,25.0,170.0,auto
30/04/22,0.61,0.7,mani
30/04/22,60.0,140.0,bagno
30/04/22,6.0,35.56,doccia
30/04/22,4.0,0.3,denti
30/04/22,35.0,21.67,piatti
30/04/22,25.0,125.56,auto
01/05/22,1.0,0.3,mani
01/05/22,52.5,100.0,bagno
01/05/22,9.0,37.78,doccia
01/05/22,2.5,1.2,denti
01/05/22,40.0,22.78,piatti
01/05/22,35.0,131.11,auto
02/05/22,0.67,0.9,mani
02/05/22,45.0,126.67,bagno
02/05/22,10.0,31.11,doccia
02/05/22,3.5,0.4,denti
02/05/22,35.0,22.78,piatti
02/05/22,30.0,120.0,auto
03/05/22,0.61,0.5,mani
03/05/22,52.5,146.67,bagno
03/05/22,7.0,22.22,doccia
03/05/22,2.0,0.9,denti
03/05/22,40.0,15.0,piatti
03/05/22,35.0,153.33,auto
04/05/22,0.5,0.6,mani
04/05/22,45.0,133.33,bagno
04/05/22,5.0,35.56,doccia
04/05/22,2.5,0.3,denti
04/05/22,40.0,18.33,piatti
04/05/22,40.0,153.33,auto
05/05/22,0.89,0.2,mani
05/05/22,60.0,106.67,bagno
05/05/22,4.0,33.33,doccia
05/05/22,3.5,0.7,denti
05/05/22,25.0,17.22,piatti
05/05/22,30.0,125.56,auto
06/05/22,0.94,0.7,mani
06/05/22,60.0,160.0,bagno
06/05/22,9.0,33.33,doccia
06/05/22,3.5,0.8,denti
06/05/22,40.0,17.22,piatti
06/05/22,25.0,147.78,auto
07/05/22,0.89,0.4,mani
07/05/22,60.0,133.33,bagno
07/05/22,8.0,37.78,doccia
07/05/22,3.0,0.3,denti
07/05/22,40.0,21.67,piatti
07/05/22,35.0,153.33,auto
08/05/22,0.72,0.4,mani
08/05/22,37.5,140.0,bagno
08/05/22,6.0,26.67,doccia
08/05/22,4.0,1.1,denti
08/05/22,40.0,20.56,piatti
08/05/22,25.0,153.33,auto
09/05/22,0.89,0.3,mani
09/05/22,37.5,153.33,bagno
09/05/22,7.0,28.89,doccia
09/05/22,2.0,0.7,denti
09/05/22,35.0,23.89,piatti
09/05/22,30.0,147.78,auto
10/05/22,0.78,0.2,mani
10/05/22,60.0,126.67,bagno
10/05/22,9.0,28.89,doccia
10/05/22,3.5,0.8,denti
10/05/22,25.0,20.56,piatti
10/05/22,40.0,136.67,auto
11/05/22,0.61,0.5,mani
11/05/22,45.0,140.0,bagno
11/05/22,10.0,28.89,doccia
11/05/22,2.0,1.0,denti
11/05/22,20.0,16.11,piatti
11/05/22,20.0,120.0,auto
12/05/22,0.83,0.2,mani
12/05/22,52.5,140.0,bagno
12/05/22,6.0,22.22,doccia
12/05/22,4.0,1.0,denti
12/05/22,25.0,17.22,piatti
12/05/22,30.0,131.11,auto
13/05/22,0.78,0.6,mani
13/05/22,45.0,126.67,bagno
13/05/22,5.0,20.0,doccia
13/05/22,3.5,0.7,denti
13/05/22,40.0,22.78,piatti
13/05/22,35.0,142.22,auto
14/05/22,0.5,0.4,mani
14/05/22,30.0,160.0,bagno
14/05/22,8.0,22.22,doccia
14/05/22,3.5,0.8,denti
14/05/22,30.0,25.0,piatti
14/05/22,40.0,120.0,auto
15/05/22,1.0,0.4,mani
15/05/22,60.0,100.0,bagno
15/05/22,10.0,20.0,doccia
15/05/22,3.5,0.9,denti
15/05/22,35.0,23.89,piatti
15/05/22,30.0,120.0,auto
16/05/22,0.72,0.8,mani
16/05/22,37.5,133.33,bagno
16/05/22,11.0,28.89,doccia
16/05/22,4.0,0.5,denti
16/05/22,35.0,15.0,piatti
16/05/22,35.0,164.44,auto
17/05/22,0.67,0.3,mani
17/05/22,45.0,120.0,bagno
17/05/22,5.0,28.89,doccia
17/05/22,4.0,1.2,denti
17/05/22,30.0,23.89,piatti
17/05/22,25.0,136.67,auto
18/05/22,0.5,0.4,mani
18/05/22,52.5,160.0,bagno
18/05/22,10.0,40.0,doccia
18/05/22,3.0,1.2,denti
18/05/22,25.0,25.0,piatti
18/05/22,35.0,125.56,auto
19/05/22,1.0,0.2,mani
19/05/22,60.0,140.0,bagno
19/05/22,7.0,35.56,doccia
19/05/22,2.5,0.4,denti
19/05/22,40.0,22.78,piatti
19/05/22,40.0,170.0,auto
20/05/22,0.56,0.9,mani
20/05/22,37.5,106.67,bagno
20/05/22,5.0,31.11,doccia
20/05/22,2.5,1.0,denti
20/05/22,35.0,17.22,piatti
20/05/22,20.0,158.89,auto
21/05/22,0.78,0.5,mani
21/05/22,60.0,100.0,bagno
21/05/22,9.0,33.33,doccia
21/05/22,4.0,0.7,denti
21/05/22,30.0,19.44,piatti
21/05/22,20.0,142.22,auto
22/05/22,0.61,0.5,mani
22/05/22,30.0,146.67,bagno
22/05/22,9.0,28.89,doccia
22/05/22,3.5,0.6,denti
22/05/22,30.0,18.33,piatti
22/05/22,40.0,125.56,auto
23/05/22,0.83,0.4,mani
23/05/22,45.0,126.67,bagno
23/05/22,5.0,26.67,doccia
23/05/22,3.0,0.8,denti
23/05/22,20.0,16.11,piatti
23/05/22,20.0,131.11,auto
24/05/22,0.89,0.5,mani
24/05/22,60.0,146.67,bagno
24/05/22,10.0,33.33,doccia
24/05/22,3.5,0.5,denti
24/05/22,25.0,17.22,piatti
24/05/22,40.0,158.89,auto
25/05/22,0.61,0.7,mani
25/05/22,45.0,153.33,bagno
25/05/22,5.0,31.11,doccia
25/05/22,4.0,1.2,denti
25/05/22,35.0,18.33,piatti
25/05/22,40.0,147.78,auto
26/05/22,0.56,0.9,mani
26/05/22,45.0,100.0,bagno
26/05/22,7.0,26.67,doccia
26/05/22,4.0,1.0,denti
26/05/22,40.0,20.56,piatti
26/05/22,20.0,147.78,auto
27/05/22,0.61,0.4,mani
27/05/22,60.0,120.0,bagno
27/05/22,11.0,40.0,doccia
27/05/22,2.5,0.6,denti
27/05/22,30.0,18.33,piatti
27/05/22,25.0,147.78,auto
28/05/22,0.94,0.9,mani
28/05/22,60.0,146.67,bagno
28/05/22,10.0,40.0,doccia
28/05/22,4.0,0.3,denti
28/05/22,35.0,25.0,piatti
28/05/22,30.0,153.33,auto
29/05/22,0.89,1.0,mani
29/05/22,30.0,153.33,bagno
29/05/22,8.0,37.78,doccia
29/05/22,2.5,0.4,denti
29/05/22,40.0,19.44,piatti
29/05/22,35.0,170.0,auto
30/05/22,0.94,0.2,mani
30/05/22,52.5,100.0,bagno
30/05/22,6.0,37.78,doccia
30/05/22,2.5,0.6,denti
30/05/22,30.0,17.22,piatti
30/05/22,20.0,142.22,auto
31/05/22,0.94,0.8,mani
31/05/22,30.0,113.33,bagno
31/05/22,5.0,24.44,doccia
31/05/22,3.5,0.9,denti
31/05/22,25.0,25.0,piatti
31/05/22,40.0,136.67,auto
01/06/22,0.61,0.3,mani
01/06/22,52.5,140.0,bagno
01/06/22,5.0,28.89,doccia
01/06/22,3.0,0.6,denti
01/06/22,35.0,17.22,piatti
01/06/22,30.0,158.89,auto
02/06/22,0.5,0.3,mani
02/06/22,52.5,133.33,bagno
02/06/22,11.0,24.44,doccia
02/06/22,3.0,0.9,denti
02/06/22,20.0,23.89,piatti
02/06/22,35.0,170.0,auto
03/06/22,0.72,1.0,mani
03/06/22,52.5,113.33,bagno
03/06/22,6.0,33.33,doccia
03/06/22,2.0,1.0,denti
03/06/22,20.0,23.89,piatti
03/06/22,35.0,120.0,auto
04/06/22,0.83,0.7,mani
04/06/22,45.0,100.0,bagno
04/06/22,7.0,20.0,doccia
04/06/22,3.5,0.3,denti
04/06/22,40.0,23.89,piatti
04/06/22,20.0,136.67,auto
05/06/22,0.61,0.6,mani
05/06/22,45.0,146.67,bagno
05/06/22,6.0,31.11,doccia
05/06/22,2.0,0.4,denti
05/06/22,35.0,16.11,piatti
05/06/22,20.0,170.0,auto
06/06/22,0.67,0.6,mani
06/06/22,30.0,113.33,bagno
06/06/22,10.0,35.56,doccia
06/06/22,2.0,1.0,denti
06/06/22,30.0,21.67,piatti
06/06/22,25.0,153.33,auto
07/06/22,1.0,0.8,mani
07/06/22,45.0,126.67,bagno
07/06/22,11.0,33.33,doccia
07/06/22,3.5,1.1,denti
07/06/22,25.0,25.0,piatti
07/06/22,25.0,147.78,auto
08/06/22,0.61,0.7,mani
08/06/22,37.5,140.0,bagno
08/06/22,5.0,33.33,doccia
08/06/22,3.0,1.1,denti
08/06/22,40.0,16.11,piatti
08/06/22,35.0,131.11,auto
09/06/22,0.83,0.7,mani
09/06/22,30.0,120.0,bagno
09/06/22,9.0,31.11,doccia
09/06/22,2.0,1.2,denti
09/06/22,35.0,21.67,piatti
09/06/22,20.0,153.33,auto
10/06/22,0.56,0.4,mani
10/06/22,45.0,126.67,bagno
10/06/22,5.0,33.33,doccia
10/06/22,2.5,0.5,denti
10/06/22,30.0,23.89,piatti
10/06/22,30.0,158.89,auto
11/06/22,0.78,0.6,mani
11/06/22,30.0,153.33,bagno
11/06/22,10.0,33.33,doccia
11/06/22,4.0,1.1,denti
11/06/22,25.0,20.56,piatti
11/06/22,30.0,142.22,auto
12/06/22,0.72,0.8,mani
12/06/22,45.0,153.33,bagno
12/06/22,8.0,31.11,doccia
12/06/22,4.0,0.4,denti
12/06/22,35.0,20.56,piatti
12/06/22,25.0,125.56,auto
13/06/22,0.94,0.4,mani
13/06/22,45.0,126.67,bagno
13/06/22,4.0,20.0,doccia
13/06/22,2.0,0.8,denti
13/06/22,20.0,16.11,piatti
13/06/22,35.0,131.11,auto
14/06/22,0.5,0.6,mani
14/06/22,37.5,100.0,bagno
14/06/22,7.0,22.22,doccia
14/06/22,3.0,0.6,denti
14/06/22,35.0,21.67,piatti
14/06/22,25.0,147.78,auto
15/06/22,0.61,0.6,mani
15/06/22,60.0,133.33,bagno
15/06/22,5.0,33.33,doccia
15/06/22,3.0,0.4,denti
15/06/22,40.0,20.56,piatti
15/06/22,40.0,164.44,auto
16/06/22,0.72,0.8,mani
16/06/22,37.5,100.0,bagno
16/06/22,11.0,37.78,doccia
16/06/22,3.5,1.0,denti
16/06/22,30.0,17.22,piatti
16/06/22,25.0,125.56,auto
17/06/22,0.61,0.9,mani
17/06/22,52.5,100.0,bagno
17/06/22,7.0,20.0,doccia
17/06/22,4.0,0.9,denti
17/06/22,35.0,16.11,piatti
17/06/22,25.0,170.0,auto
18/06/22,0.72,0.7,mani
18/06/22,45.0,133.33,bagno
18/06/22,11.0,20.0,doccia
18/06/22,3.0,1.2,denti
18/06/22,20.0,15.0,piatti
18/06/22,20.0,153.33,auto
19/06/22,1.0,0.3,mani
19/06/22,52.5,113.33,bagno
19/06/22,7.0,24.44,doccia
19/06/22,3.5,0.3,denti
19/06/22,40.0,25.0,piatti
19/06/22,40.0,142.22,auto
20/06/22,0.67,0.2,mani
20/06/22,60.0,153.33,bagno
20/06/22,6.0,28.89,doccia
20/06/22,3.0,1.2,denti
20/06/22,20.0,21.67,piatti
20/06/22,40.0,142.22,auto
21/06/22,0.61,1.0,mani
21/06/22,52.5,133.33,bagno
21/06/22,8.0,26.67,doccia
21/06/22,2.0,1.1,denti
21/06/22,30.0,20.56,piatti
21/06/22,35.0,158.89,auto
22/06/22,0.94,0.3,mani
22/06/22,30.0,133.33,bagno
22/06/22,6.0,24.44,doccia
22/06/22,2.0,0.9,denti
22/06/22,20.0,25.0,piatti
22/06/22,40.0,170.0,auto
23/06/22,1.0,0.6,mani
23/06/22,60.0,106.67,bagno
23/06/22,11.0,26.67,doccia
23/06/22,4.0,0.4,denti
23/06/22,35.0,19.44,piatti
23/06/22,35.0,164.44,auto
24/06/22,0.61,0.6,mani
24/06/22,45.0,106.67,bagno
24/06/22,9.0,40.0,doccia
24/06/22,4.0,0.3,denti
24/06/22,25.0,19.44,piatti
24/06/22,25.0,125.56,auto
25/06/22,0.67,0.5,mani
25/06/22,30.0,120.0,bagno
25/06/22,8.0,20.0,doccia
25/06/22,2.0,0.9,denti
25/06/22,40.0,19.44,piatti
25/06/22,35.0,136.67,auto
26/06/22,0.83,1.0,mani
26/06/22,60.0,106.67,bagno
26/06/22,7.0,22.22,doccia
26/06/22,2.5,0.7,denti
26/06/22,40.0,15.0,piatti
26/06/22,20.0,136.67,auto
27/06/22,0.72,1.0,mani
27/06/22,52.5,153.33,bagno
27/06/22,6.0,33.33,doccia
27/06/22,3.0,0.4,denti
27/06/22,40.0,15.0,piatti
27/06/22,35.0,153.33,auto
28/06/22,0.67,0.2,mani
28/06/22,37.5,106.67,bagno
28/06/22,5.0,28.89,doccia
28/06/22,2.5,0.3,denti
28/06/22,35.0,25.0,piatti
28/06/22,30.0,125.56,auto
29/06/22,1.0,0.5,mani
29/06/22,60.0,140.0,bagno
29/06/22,5.0,35.56,doccia
29/06/22,3.0,0.7,denti
29/06/22,40.0,19.44,piatti
29/06/22,25.0,158.89,auto
30/06/22,0.83,1.0,mani
30/06/22,60.0,120.0,bagno
30/06/22,6.0,35.56,doccia
30/06/22,4.0,1.0,denti
30/06/22,30.0,22.78,piatti
30/06/22,40.0,164.44,auto
01/07/22,0.5,0.3,mani
01/07/22,30.0,153.33,bagno
01/07/22,10.0,33.33,doccia
01/07/22,3.5,1.2,denti
01/07/22,20.0,17.22,piatti
01/07/22,40.0,147.78,auto
02/07/22,0.67,0.6,mani
02/07/22,52.5,133.33,bagno
02/07/22,9.0,24.44,doccia
02/07/22,3.5,0.3,denti
02/07/22,30.0,17.22,piatti
02/07/22,40.0,142.22,auto
03/07/22,0.56,0.6,mani
03/07/22,45.0,120.0,bagno
03/07/22,11.0,33.33,doccia
03/07/22,2.5,0.5,denti
03/07/22,25.0,17.22,piatti
03/07/22,20.0,136.67,auto
04/07/22,0.94,0.5,mani
04/07/22,37.5,133.33,bagno
04/07/22,11.0,20.0,doccia
04/07/22,4.0,1.0,denti
04/07/22,30.0,18.33,piatti
04/07/22,40.0,120.0,auto
05/07/22,0.72,0.7,mani
05/07/22,60.0,120.0,bagno
05/07/22,10.0,31.11,doccia
05/07/22,3.0,0.3,denti
05/07/22,40.0,18.33,piatti
05/07/22,25.0,131.11,auto
06/07/22,0.56,0.6,mani
06/07/22,60.0,153.33,bagno
06/07/22,6.0,26.67,doccia
06/07/22,2.5,1.1,denti
06/07/22,35.0,18.33,piatti
06/07/22,25.0,158.89,auto
07/07/22,0.5,0.6,mani
07/07/22,45.0,146.67,bagno
07/07/22,4.0,26.67,doccia
07/07/22,2.5,0.7,denti
07/07/22,35.0,19.44,piatti
07/07/22,40.0,142.22,auto
08/07/22,0.56,0.2,mani
08/07/22,30.0,160.0,bagno
08/07/22,7.0,31.11,doccia
08/07/22,3.0,0.8,denti
08/07/22,40.0,17.22,piatti
08/07/22,40.0,153.33,auto
09/07/22,0.94,0.6,mani
09/07/22,45.0,113.33,bagno
09/07/22,5.0,37.78,doccia
09/07/22,3.5,0.8,denti
09/07/22,35.0,18.33,piatti
09/07/22,30.0,164.44,auto
10/07/22,0.56,0.5,mani
10/07/22,45.0,153.33,bagno
10/07/22,8.0,20.0,doccia
10/07/22,3.5,0.7,denti
10/07/22,35.0,22.78,piatti
10/07/22,35.0,136.67,auto
11/07/22,0.67,0.9,mani
11/07/22,30.0,106.67,bagno
11/07/22,8.0,20.0,doccia
11/07/22,2.0,1.0,denti
11/07/22,40.0,16.11,piatti
11/07/22,40.0,170.0,auto
12/07/22,0.67,0.3,mani
12/07/22,52.5,106.67,bagno
12/07/22,7.0,40.0,doccia
12/07/22,3.0,0.9,denti
12/07/22,20.0,17.22,piatti
12/07/22,40.0,147.78,auto
13/07/22,0.61,0.3,mani
13/07/22,30.0,160.0,bagno
13/07/22,10.0,26.67,doccia
13/07/22,3.0,0.8,denti
13/07/22,25.0,15.0,piatti
13/07/22,35.0,164.44,auto
14/07/22,0.89,0.7,mani
14/07/22,37.5,106.67,bagno
14/07/22,8.0,35.56,doccia
14/07/22,2.5,1.0,denti
14/07/22,35.0,15.0,piatti
14/07/22,30.0,164.44,auto
15/07/22,0.89,0.7,mani
15/07/22,60.0,153.33,bagno
15/07/22,7.0,24.44,doccia
15/07/22,4.0,0.6,denti
15/07/22,25.0,20.56,piatti
15/07/22,25.0,125.56,auto
16/07/22,1.0,0.4,mani
16/07/22,60.0,106.67,bagno
16/07/22,4.0,26.67,doccia
16/07/22,2.5,0.8,denti
16/07/22,25.0,18.33,piatti
16/07/22,35.0,153.33,auto
17/07/22,0.61,0.2,mani
17/07/22,37.5,106.67,bagno
17/07/22,7.0,33.33,doccia
17/07/22,2.0,0.5,denti
17/07/22,20.0,18.33,piatti
17/07/22,30.0,131.11,auto
18/07/22,0.83,0.5,mani
18/07/22,37.5,160.0,bagno
18/07/22,4.0,24.44,doccia
18/07/22,3.5,1.2,denti
18/07/22,20.0,25.0,piatti
18/07/22,20.0,158.89,auto
19/07/22,0.67,0.4,mani
19/07/22,45.0,120.0,bagno
19/07/22,10.0,26.67,doccia
19/07/22,4.0,1.0,denti
19/07/22,20.0,15.0,piatti
19/07/22,40.0,131.11,auto
20/07/22,0.56,0.6,mani
20/07/22,37.5,106.67,bagno
20/07/22,6.0,20.0,doccia
20/07/22,2.0,0.8,denti
20/07/22,25.0,25.0,piatti
20/07/22,35.0,120.0,auto
21/07/22,0.61,0.4,mani
21/07/22,60.0,153.33,bagno
21/07/22,8.0,33.33,doccia
21/07/22,3.5,0.9,denti
21/07/22,30.0,18.33,piatti
21/07/22,30.0,131.11,auto
22/07/22,0.5,0.8,mani
22/07/22,45.0,120.0,bagno
22/07/22,9.0,24.44,doccia
22/07/22,2.0,0.7,denti
22/07/22,20.0,18.33,piatti
22/07/22,40.0,136.67,auto
23/07/22,0.89,0.9,mani
23/07/22,37.5,160.0,bagno
23/07/22,7.0,40.0,doccia
23/07/22,3.0,0.4,denti
23/07/22,20.0,25.0,piatti
23/07/22,25.0,147.78,auto
24/07/22,0.56,0.6,mani
24/07/22,45.0,140.0,bagno
24/07/22,11.0,40.0,doccia
24/07/22,2.0,1.2,denti
24/07/22,30.0,20.56,piatti
24/07/22,35.0,164.44,auto
25/07/22,0.94,0.7,mani
25/07/22,60.0,140.0,bagno
25/07/22,8.0,28.89,doccia
25/07/22,3.0,1.2,denti
25/07/22,35.0,15.0,piatti
25/07/22,30.0,153.33,auto
26/07/22,0.5,0.3,mani
26/07/22,45.0,120.0,bagno
26/07/22,4.0,28.89,doccia
26/07/22,2.0,0.7,denti
26/07/22,25.0,23.89,piatti
26/07/22,25.0,125.56,auto
27/07/22,0.56,0.2,mani
27/07/22,30.0,140.0,bagno
27/07/22,10.0,24.44,doccia
27/07/22,4.0,0.5,denti
27/07/22,20.0,23.89,piatti
27/07/22,40.0,131.11,auto
28/07/22,0.78,0.5,mani
28/07/22,37.5,113.33,bagno
28/07/22,11.0,26.67,doccia
28/07/22,3.5,0.6,denti
28/07/22,20.0,20.56,piatti
28/07/22,35.0,153.33,auto
29/07/22,0.89,0.3,mani
29/07/22,30.0,120.0,bagno
29/07/22,8.0,28.89,doccia
29/07/22,3.0,1.1,denti
29/07/22,40.0,19.44,piatti
29/07/22,40.0,158.89,auto
30/07/22,0.83,0.2,mani
30/07/22,60.0,140.0,bagno
30/07/22,8.0,28.89,doccia
30/07/22,2.0,1.0,denti
30/07/22,35.0,23.89,piatti
30/07/22,20.0,164.44,auto
31/07/22,0.94,0.8,mani
31/07/22,37.5,146.67,bagno
31/07/22,10.0,33.33,doccia
31/07/22,3.0,1.2,denti
31/07/22,25.0,18.33,piatti
31/07/22,35.0,147.78,auto
01/08/22,0.61,0.5,mani
01/08/22,30.0,160.0,bagno
01/08/22,8.0,35.56,doccia
01/08/22,4.0,1.2,denti
01/08/22,20.0,20.56,piatti
01/08/22,25.0,170.0,auto
02/08/22,0.67,0.5,mani
02/08/22,60.0,140.0,bagno
02/08/22,4.0,28.89,doccia
02/08/22,2.0,1.2,denti
02/08/22,20.0,20.56,piatti
02/08/22,25.0,153.33,auto
03/08/22,1.0,0.3,mani
03/08/22,52.5,160.0,bagno
03/08/22,10.0,31.11,doccia
03/08/22,2.0,0.9,denti
03/08/22,40.0,23.89,piatti
03/08/22,35.0,164.44,auto
04/08/22,0.83,0.6,mani
04/08/22,37.5,120.0,bagno
04/08/22,5.0,28.89,doccia
04/08/22,3.0,1.2,denti
04/08/22,30.0,22.78,piatti
04/08/22,40.0,125.56,auto
05/08/22,0.83,0.2,mani
05/08/22,52.5,120.0,bagno
05/08/22,10.0,37.78,doccia
05/08/22,4.0,1.1,denti
05/08/22,30.0,15.0,piatti
05/08/22,20.0,125.56,auto
06/08/22,1.0,0.3,mani
06/08/22,37.5,140.0,bagno
06/08/22,9.0,26.67,doccia
06/08/22,4.0,1.1,denti
06/08/22,20.0,23.89,piatti
06/08/22,25.0,153.33,auto
07/08/22,0.56,0.7,mani
07/08/22,30.0,120.0,bagno
07/08/22,5.0,22.22,doccia
07/08/22,2.0,0.7,denti
07/08/22,20.0,19.44,piatti
07/08/22,40.0,158.89,auto
08/08/22,0.5,0.6,mani
08/08/22,45.0,113.33,bagno
08/08/22,4.0,37.78,doccia
08/08/22,3.0,0.9,denti
08/08/22,35.0,23.89,piatti
08/08/22,25.0,136.67,auto
09/08/22,0.72,0.7,mani
09/08/22,45.0,133.33,bagno
09/08/22,5.0,26.67,doccia
09/08/22,4.0,0.6,denti
09/08/22,25.0,21.67,piatti
09/08/22,30.0,158.89,auto
10/08/22,0.67,0.6,mani
10/08/22,52.5,160.0,bagno
10/08/22,6.0,40.0,doccia
10/08/22,4.0,0.6,denti
10/08/22,25.0,21.67,piatti
10/08/22,40.0,153.33,auto
11/08/22,1.0,0.2,mani
11/08/22,37.5,113.33,bagno
11/08/22,10.0,35.56,doccia
11/08/22,2.5,1.1,denti
11/08/22,30.0,16.11,piatti
11/08/22,25.0,120.0,auto
12/08/22,0.83,0.5,mani
12/08/22,52.5,106.67,bagno
12/08/22,6.0,20.0,doccia
12/08/22,4.0,0.5,denti
12/08/22,35.0,15.0,piatti
12/08/22,35.0,131.11,auto
13/08/22,0.78,0.3,mani
13/08/22,30.0,126.67,bagno
13/08/22,7.0,26.67,doccia
13/08/22,2.0,1.0,denti
13/08/22,30.0,19.44,piatti
13/08/22,40.0,136.67,auto
14/08/22,1.0,0.6,mani
14/08/22,30.0,126.67,bagno
14/08/22,7.0,20.0,doccia
14/08/22,3.5,1.0,denti
14/08/22,25.0,16.11,piatti
14/08/22,40.0,164.44,auto
15/08/22,1.0,1.0,mani
15/08/22,60.0,146.67,bagno
15/08/22,7.0,37.78,doccia
15/08/22,4.0,0.7,denti
15/08/22,20.0,25.0,piatti
15/08/22,40.0,120.0,auto
16/08/22,1.0,1.0,mani
16/08/22,52.5,133.33,bagno
16/08/22,10.0,31.11,doccia
16/08/22,3.0,1.2,denti
16/08/22,35.0,18.33,piatti
16/08/22,35.0,164.44,auto
17/08/22,0.72,0.6,mani
17/08/22,37.5,153.33,bagno
17/08/22,4.0,40.0,doccia
17/08/22,3.0,0.8,denti
17/08/22,35.0,18.33,piatti
17/08/22,30.0,136.67,auto
18/08/22,0.89,0.3,mani
18/08/22,52.5,120.0,bagno
18/08/22,5.0,22.22,doccia
18/08/22,4.0,0.6,denti
18/08/22,35.0,23.89,piatti
18/08/22,25.0,120.0,auto
19/08/22,0.61,0.9,mani
19/08/22,30.0,100.0,bagno
19/08/22,6.0,24.44,doccia
19/08/22,3.5,1.1,denti
19/08/22,35.0,22.78,piatti
19/08/22,35.0,136.67,auto
20/08/22,0.78,0.9,mani
20/08/22,45.0,120.0,bagno
20/08/22,6.0,31.11,doccia
20/08/22,4.0,1.0,denti
20/08/22,30.0,18.33,piatti
20/08/22,30.0,147.78,auto
21/08/22,0.56,0.8,mani
21/08/22,45.0,146.67,bagno
21/08/22,8.0,40.0,doccia
21/08/22,2.5,1.1,denti
21/08/22,25.0,19.44,piatti
21/08/22,20.0,158.89,auto
22/08/22,1.0,0.2,mani
22/08/22,45.0,160.0,bagno
22/08/22,8.0,26.67,doccia
22/08/22,4.0,0.4,denti
22/08/22,25.0,18.33,piatti
22/08/22,35.0,164.44,auto
23/08/22,0.83,0.8,mani
23/08/22,60.0,133.33,bagno
23/08/22,6.0,37.78,doccia
23/08/22,2.5,1.2,denti
23/08/22,30.0,25.0,piatti
23/08/22,20.0,147.78,auto
24/08/22,1.0,0.3,mani
24/08/22,60.0,133.33,bagno
24/08/22,11.0,31.11,doccia
24/08/22,3.0,1.2,denti
24/08/22,25.0,20.56,piatti
24/08/22,20.0,170.0,auto
25/08/22,0.72,0.2,mani
25/08/22,60.0,120.0,bagno
25/08/22,6.0,33.33,doccia
25/08/22,2.5,0.7,denti
25/08/22,20.0,17.22,piatti
25/08/22,35.0,158.89,auto
26/08/22,0.56,0.8,mani
26/08/22,30.0,100.0,bagno
26/08/22,8.0,33.33,doccia
26/08/22,3.0,0.5,denti
26/08/22,25.0,21.67,piatti
26/08/22,35.0,170.0,auto
27/08/22,0.67,0.3,mani
27/08/22,37.5,146.67,bagno
27/08/22,4.0,22.22,doccia
27/08/22,3.0,0.8,denti
27/08/22,25.0,22.78,piatti
27/08/22,30.0,136.67,auto
28/08/22,0.61,0.4,mani
28/08/22,60.0,106.67,bagno
28/08/22,5.0,28.89,doccia
28/08/22,2.5,0.5,denti
28/08/22,30.0,19.44,piatti
28/08/22,40.0,164.44,auto
29/08/22,0.67,1.0,mani
29/08/22,52.5,153.33,bagno
29/08/22,4.0,28.89,doccia
29/08/22,2.0,0.7,denti
29/08/22,35.0,17.22,piatti
29/08/22,40.0,136.67,auto
30/08/22,0.89,0.2,mani
30/08/22,52.5,133.33,bagno
30/08/22,9.0,20.0,doccia
30/08/22,4.0,0.4,denti
30/08/22,40.0,19.44,piatti
30/08/22,20.0,158.89,auto
31/08/22,0.5,1.0,mani
31/08/22,30.0,133.33,bagno
31/08/22,7.0,35.56,doccia
31/08/22,4.0,0.3,denti
31/08/22,30.0,17.22,piatti
31/08/22,20.0,136.67,auto
01/09/22,0.94,0.7,mani
01/09/22,60.0,126.67,bagno
01/09/22,9.0,35.56,doccia
01/09/22,4.0,0.7,denti
01/09/22,40.0,21.67,piatti
01/09/22,40.0,170.0,auto
02/09/22,1.0,0.2,mani
02/09/22,37.5,146.67,bagno
02/09/22,9.0,33.33,doccia
02/09/22,2.5,0.7,denti
02/09/22,20.0,16.11,piatti
02/09/22,20.0,158.89,auto
03/09/22,0.89,0.4,mani
03/09/22,60.0,126.67,bagno
03/09/22,8.0,40.0,doccia
03/09/22,3.5,0.6,denti
03/09/22,40.0,21.67,piatti
03/09/22,40.0,136.67,auto
04/09/22,0.94,0.4,mani
04/09/22,30.0,100.0,bagno
04/09/22,11.0,37.78,doccia
04/09/22,4.0,0.4,denti
04/09/22,35.0,17.22,piatti
04/09/22,25.0,120.0,auto
05/09/22,0.72,0.2,mani
05/09/22,52.5,133.33,bagno
05/09/22,11.0,26.67,doccia
05/09/22,2.0,0.5,denti
05/09/22,20.0,16.11,piatti
05/09/22,25.0,120.0,auto
06/09/22,0.89,0.9,mani
06/09/22,37.5,146.67,bagno
06/09/22,5.0,22.22,doccia
06/09/22,3.0,1.1,denti
06/09/22,35.0,25.0,piatti
06/09/22,35.0,164.44,auto
07/09/22,0.78,0.8,mani
07/09/22,60.0,120.0,bagno
07/09/22,7.0,37.78,doccia
07/09/22,3.0,1.2,denti
07/09/22,35.0,22.78,piatti
07/09/22,20.0,125.56,auto
08/09/22,1.0,0.8,mani
08/09/22,45.0,120.0,bagno
08/09/22,10.0,26.67,doccia
08/09/22,4.0,0.3,denti
08/09/22,20.0,23.89,piatti
08/09/22,35.0,147.78,auto
09/09/22,0.5,1.0,mani
09/09/22,45.0,106.67,bagno
09/09/22,10.0,26.67,doccia
09/09/22,2.0,0.7,denti
09/09/22,40.0,15.0,piatti
09/09/22,25.0,120.0,auto
10/09/22,1.0,0.7,mani
10/09/22,52.5,126.67,bagno
10/09/22,7.0,24.44,doccia
10/09/22,2.0,0.3,denti
10/09/22,40.0,23.89,piatti
10/09/22,25.0,142.22,auto
11/09/22,0.89,0.8,mani
11/09/22,45.0,146.67,bagno
11/09/22,7.0,22.22,doccia
11/09/22,2.0,0.9,denti
11/09/22,20.0,18.33,piatti
11/09/22,20.0,120.0,auto
12/09/22,1.0,0.6,mani
12/09/22,52.5,146.67,bagno
12/09/22,7.0,22.22,doccia
12/09/22,3.0,1.1,denti
12/09/22,35.0,17.22,piatti
12/09/22,30.0,153.33,auto
13/09/22,1.0,0.5,mani
13/09/22,37.5,120.0,bagno
13/09/22,4.0,31.11,doccia
13/09/22,2.5,0.4,denti
13/09/22,25.0,17.22,piatti
13/09/22,35.0,170.0,auto
14/09/22,0.56,0.3,mani
14/09/22,45.0,160.0,bagno
14/09/22,7.0,33.33,doccia
14/09/22,3.0,0.7,denti
14/09/22,25.0,16.11,piatti
14/09/22,25.0,136.67,auto
15/09/22,0.56,0.6,mani
15/09/22,45.0,126.67,bagno
15/09/22,11.0,40.0,doccia
15/09/22,3.5,1.2,denti
15/09/22,25.0,17.22,piatti
15/09/22,20.0,164.44,auto
16/09/22,0.67,0.6,mani
16/09/22,45.0,153.33,bagno
16/09/22,10.0,28.89,doccia
16/09/22,3.5,0.3,denti
16/09/22,25.0,21.67,piatti
16/09/22,25.0,125.56,auto
17/09/22,0.67,0.4,mani
17/09/22,30.0,120.0,bagno
17/09/22,4.0,24.44,doccia
17/09/22,2.5,0.7,denti
17/09/22,25.0,22.78,piatti
17/09/22,20.0,136.67,auto
18/09/22,0.89,0.2,mani
18/09/22,30.0,153.33,bagno
18/09/22,6.0,22.22,doccia
18/09/22,3.5,0.4,denti
18/09/22,40.0,18.33,piatti
18/09/22,30.0,164.44,auto
19/09/22,0.89,0.5,mani
19/09/22,60.0,160.0,bagno
19/09/22,5.0,35.56,doccia
19/09/22,3.5,0.6,denti
19/09/22,30.0,25.0,piatti
19/09/22,40.0,120.0,auto
20/09/22,0.5,0.9,mani
20/09/22,30.0,106.67,bagno
20/09/22,11.0,40.0,doccia
20/09/22,2.5,1.0,denti
20/09/22,30.0,21.67,piatti
20/09/22,25.0,142.22,auto
21/09/22,0.5,0.6,mani
21/09/22,60.0,126.67,bagno
21/09/22,9.0,33.33,doccia
21/09/22,3.5,0.7,denti
21/09/22,25.0,17.22,piatti
21/09/22,20.0,142.22,auto
22/09/22,0.5,0.9,mani
22/09/22,37.5,140.0,bagno
22/09/22,9.0,40.0,doccia
22/09/22,4.0,0.4,denti
22/09/22,40.0,25.0,piatti
22/09/22,40.0,153.33,auto
23/09/22,1.0,0.9,mani
23/09/22,30.0,153.33,bagno
23/09/22,11.0,28.89,doccia
23/09/22,3.5,1.1,denti
23/09/22,30.0,17.22,piatti
23/09/22,20.0,170.0,auto
24/09/22,0.72,0.3,mani
24/09/22,52.5,153.33,bagno
24/09/22,10.0,28.89,doccia
24/09/22,3.5,0.5,denti
24/09/22,25.0,19.44,piatti
24/09/22,20.0,170.0,auto
25/09/22,0.83,0.4,mani
25/09/22,60.0,120.0,bagno
25/09/22,9.0,28.89,doccia
25/09/22,3.0,0.9,denti
25/09/22,30.0,22.78,piatti
25/09/22,35.0,170.0,auto
26/09/22,0.56,0.9,mani
26/09/22,52.5,106.67,bagno
26/09/22,6.0,22.22,doccia
26/09/22,3.5,0.7,denti
26/09/22,20.0,25.0,piatti
26/09/22,40.0,131.11,auto
27/09/22,0.89,0.7,mani
27/09/22,60.0,140.0,bagno
27/09/22,9.0,26.67,doccia
27/09/22,3.0,0.4,denti
27/09/22,35.0,20.56,piatti
27/09/22,25.0,158.89,auto
28/09/22,0.5,0.7,mani
28/09/22,60.0,100.0,bagno
28/09/22,11.0,40.0,doccia
28/09/22,3.0,0.8,denti
28/09/22,25.0,16.11,piatti
28/09/22,40.0,164.44,auto
29/09/22,0.56,0.5,mani
29/09/22,30.0,153.33,bagno
29/09/22,9.0,40.0,doccia
29/09/22,3.5,0.6,denti
29/09/22,25.0,15.0,piatti
29/09/22,20.0,158.89,auto
30/09/22,0.83,0.3,mani
30/09/22,45.0,113.33,bagno
30/09/22,7.0,28.89,doccia
30/09/22,2.5,0.6,denti
30/09/22,20.0,22.78,piatti
30/09/22,30.0,170.0,auto
01/10/22,0.56,0.2,mani
01/10/22,52.5,126.67,bagno
01/10/22,8.0,24.44,doccia
01/10/22,3.0,1.2,denti
01/10/22,20.0,15.0,piatti
01/10/22,35.0,125.56,auto
02/10/22,0.56,0.9,mani
02/10/22,52.5,126.67,bagno
02/10/22,10.0,31.11,doccia
02/10/22,2.0,1.0,denti
02/10/22,40.0,20.56,piatti
02/10/22,30.0,170.0,auto
03/10/22,0.5,0.9,mani
03/10/22,37.5,146.67,bagno
03/10/22,10.0,24.44,doccia
03/10/22,2.5,0.4,denti
03/10/22,20.0,21.67,piatti
03/10/22,40.0,164.44,auto
04/10/22,0.89,0.8,mani
04/10/22,30.0,113.33,bagno
04/10/22,7.0,37.78,doccia
04/10/22,4.0,0.5,denti
04/10/22,35.0,22.78,piatti
04/10/22,30.0,125.56,auto
05/10/22,0.5,0.2,mani
05/10/22,45.0,160.0,bagno
05/10/22,9.0,31.11,doccia
05/10/22,3.5,0.8,denti
05/10/22,35.0,19.44,piatti
05/10/22,25.0,125.56,auto
06/10/22,0.56,0.7,mani
06/10/22,30.0,126.67,bagno
06/10/22,7.0,35.56,doccia
06/10/22,3.5,0.9,denti
06/10/22,20.0,23.89,piatti
06/10/22,30.0,164.44,auto
07/10/22,1.0,0.2,mani
07/10/22,37.5,146.67,bagno
07/10/22,4.0,24.44,doccia
07/10/22,2.0,1.1,denti
07/10/22,40.0,18.33,piatti
07/10/22,30.0,153.33,auto
08/10/22,0.72,0.2,mani
08/10/22,45.0,126.67,bagno
08/10/22,9.0,28.89,doccia
08/10/22,2.0,0.9,denti
08/10/22,40.0,25.0,piatti
08/10/22,25.0,164.44,auto
09/10/22,1.0,0.5,mani
09/10/22,45.0,106.67,bagno
09/10/22,9.0,24.44,doccia
09/10/22,2.0,0.4,denti
09/10/22,35.0,18.33,piatti
09/10/22,35.0,164.44,auto
10/10/22,0.67,0.6,mani
10/10/22,37.5,113.33,bagno
10/10/22,5.0,20.0,doccia
10/10/22,3.5,0.5,denti
10/10/22,35.0,19.44,piatti
10/10/22,35.0,170.0,auto
11/10/22,0.67,0.2,mani
11/10/22,60.0,120.0,bagno
11/10/22,5.0,20.0,doccia
11/10/22,3.0,0.6,denti
11/10/22,25.0,20.56,piatti
11/10/22,35.0,142.22,auto
12/10/22,0.56,0.6,mani
12/10/22,37.5,106.67,bagno
12/10/22,5.0,35.56,doccia
12/10/22,2.0,0.7,denti
12/10/22,20.0,23.89,piatti
12/10/22,35.0,153.33,auto
13/10/22,0.94,0.3,mani
13/10/22,45.0,133.33,bagno
13/10/22,5.0,33.33,doccia
13/10/22,3.0,0.7,denti
13/10/22,20.0,22.78,piatti
13/10/22,35.0,153.33,auto
14/10/22,0.67,0.3,mani
14/10/22,37.5,133.33,bagno
14/10/22,9.0,28.89,doccia
14/10/22,4.0,0.5,denti
14/10/22,30.0,18.33,piatti
14/10/22,20.0,120.0,auto
15/10/22,0.72,0.4,mani
15/10/22,30.0,133.33,bagno
15/10/22,11.0,28.89,doccia
15/10/22,4.0,1.1,denti
15/10/22,25.0,23.89,piatti
15/10/22,25.0,131.11,auto
16/10/22,0.67,0.9,mani
16/10/22,37.5,146.67,bagno
16/10/22,8.0,20.0,doccia
16/10/22,4.0,0.4,denti
16/10/22,35.0,25.0,piatti
16/10/22,20.0,170.0,auto
17/10/22,0.89,0.5,mani
17/10/22,45.0,106.67,bagno
17/10/22,6.0,33.33,doccia
17/10/22,3.5,0.7,denti
17/10/22,25.0,18.33,piatti
17/10/22,25.0,142.22,auto
18/10/22,0.56,0.2,mani
18/10/22,45.0,120.0,bagno
18/10/22,11.0,28.89,doccia
18/10/22,2.5,1.1,denti
18/10/22,35.0,18.33,piatti
18/10/22,20.0,131.11,auto
19/10/22,0.78,0.6,mani
19/10/22,37.5,153.33,bagno
19/10/22,7.0,37.78,doccia
19/10/22,2.5,1.2,denti
19/10/22,40.0,16.11,piatti
19/10/22,40.0,131.11,auto
20/10/22,0.61,0.3,mani
20/10/22,52.5,106.67,bagno
20/10/22,5.0,22.22,doccia
20/10/22,3.0,0.8,denti
20/10/22,40.0,25.0,piatti
20/10/22,25.0,136.67,auto
21/10/22,0.61,0.5,mani
21/10/22,37.5,133.33,bagno
21/10/22,8.0,35.56,doccia
21/10/22,2.5,0.8,denti
21/10/22,30.0,18.33,piatti
21/10/22,20.0,142.22,auto
22/10/22,0.83,0.2,mani
22/10/22,52.5,153.33,bagno
22/10/22,11.0,24.44,doccia
22/10/22,3.5,0.8,denti
22/10/22,35.0,22.78,piatti
22/10/22,20.0,120.0,auto
23/10/22,0.78,0.5,mani
23/10/22,37.5,126.67,bagno
23/10/22,10.0,40.0,doccia
23/10/22,4.0,0.7,denti
23/10/22,30.0,17.22,piatti
23/10/22,40.0,153.33,auto
24/10/22,1.0,0.6,mani
24/10/22,52.5,106.67,bagno
24/10/22,4.0,22.22,doccia
24/10/22,2.0,0.4,denti
24/10/22,30.0,25.0,piatti
24/10/22,20.0,120.0,auto
25/10/22,0.67,0.9,mani
25/10/22,60.0,106.67,bagno
25/10/22,7.0,26.67,doccia
25/10/22,2.5,0.8,denti
25/10/22,30.0,19.44,piatti
25/10/22,30.0,147.78,auto
26/10/22,0.83,0.8,mani
26/10/22,52.5,100.0,bagno
26/10/22,11.0,26.67,doccia
26/10/22,2.5,0.3,denti
26/10/22,20.0,23.89,piatti
26/10/22,40.0,136.67,auto
27/10/22,0.67,0.9,mani
27/10/22,52.5,160.0,bagno
27/10/22,4.0,26.67,doccia
27/10/22,3.0,0.6,denti
27/10/22,40.0,15.0,piatti
27/10/22,35.0,131.11,auto
28/10/22,0.72,0.5,mani
28/10/22,60.0,140.0,bagno
28/10/22,7.0,35.56,doccia
28/10/22,3.0,0.3,denti
28/10/22,35.0,25.0,piatti
28/10/22,35.0,170.0,auto
29/10/22,0.5,0.9,mani
29/10/22,30.0,133.33,bagno
29/10/22,7.0,28.89,doccia
29/10/22,3.5,0.3,denti
29/10/22,40.0,23.89,piatti
29/10/22,35.0,120.0,auto
30/10/22,0.83,0.9,mani
30/10/22,30.0,153.33,bagno
30/10/22,5.0,24.44,doccia
30/10/22,4.0,0.9,denti
30/10/22,40.0,22.78,piatti
30/10/22,25.0,125.56,auto
31/10/22,0.94,0.3,mani
31/10/22,37.5,140.0,bagno
31/10/22,6.0,37.78,doccia
31/10/22,4.0,1.2,denti
31/10/22,20.0,21.67,piatti
31/10/22,20.0,142.22,auto
01/11/22,0.78,0.9,mani
01/11/22,60.0,140.0,bagno
01/11/22,4.0,28.89,doccia
01/11/22,2.0,0.4,denti
01/11/22,20.0,20.56,piatti
01/11/22,20.0,136.67,auto
02/11/22,0.5,0.5,mani
02/11/22,30.0,146.67,bagno
02/11/22,7.0,22.22,doccia
02/11/22,2.0,0.3,denti
02/11/22,30.0,23.89,piatti
02/11/22,20.0,170.0,auto
03/11/22,0.56,0.6,mani
03/11/22,60.0,106.67,bagno
03/11/22,5.0,20.0,doccia
03/11/22,2.0,0.7,denti
03/11/22,30.0,25.0,piatti
03/11/22,40.0,153.33,auto
04/11/22,0.5,0.6,mani
04/11/22,30.0,140.0,bagno
04/11/22,7.0,26.67,doccia
04/11/22,3.5,0.8,denti
04/11/22,25.0,22.78,piatti
04/11/22,25.0,147.78,auto
05/11/22,0.72,0.9,mani
05/11/22,30.0,100.0,bagno
05/11/22,9.0,22.22,doccia
05/11/22,2.0,0.5,denti
05/11/22,35.0,15.0,piatti
05/11/22,40.0,153.33,auto
06/11/22,0.78,0.7,mani
06/11/22,30.0,100.0,bagno
06/11/22,4.0,22.22,doccia
06/11/22,3.0,0.5,denti
06/11/22,35.0,25.0,piatti
06/11/22,40.0,136.67,auto
07/11/22,0.56,0.8,mani
07/11/22,37.5,100.0,bagno
07/11/22,4.0,35.56,doccia
07/11/22,2.0,0.6,denti
07/11/22,25.0,16.11,piatti
07/11/22,35.0,147.78,auto
08/11/22,0.67,0.8,mani
08/11/22,45.0,113.33,bagno
08/11/22,6.0,20.0,doccia
08/11/22,2.0,1.0,denti
08/11/22,30.0,18.33,piatti
08/11/22,30.0,170.0,auto
09/11/22,0.83,0.6,mani
09/11/22,52.5,160.0,bagno
09/11/22,10.0,24.44,doccia
09/11/22,2.0,1.1,denti
09/11/22,20.0,25.0,piatti
09/11/22,25.0,164.44,auto
10/11/22,0.56,0.4,mani
10/11/22,52.5,146.67,bagno
10/11/22,8.0,35.56,doccia
10/11/22,2.5,0.5,denti
10/11/22,20.0,18.33,piatti
10/11/22,30.0,131.11,auto
11/11/22,0.94,0.7,mani
11/11/22,60.0,113.33,bagno
11/11/22,5.0,37.78,doccia
11/11/22,2.5,0.9,denti
11/11/22,40.0,25.0,piatti
11/11/22,35.0,120.0,auto
12/11/22,0.67,0.4,mani
12/11/22,60.0,140.0,bagno
12/11/22,9.0,28.89,doccia
12/11/22,3.5,1.2,denti
12/11/22,30.0,15.0,piatti
12/11/22,25.0,120.0,auto
13/11/22,0.56,0.3,mani
13/11/22,45.0,120.0,bagno
13/11/22,9.0,26.67,doccia
13/11/22,2.5,1.2,denti
13/11/22,25.0,25.0,piatti
13/11/22,30.0,142.22,auto
14/11/22,0.94,0.4,mani
14/11/22,52.5,126.67,bagno
14/11/22,4.0,28.89,doccia
14/11/22,3.5,0.5,denti
14/11/22,35.0,21.67,piatti
14/11/22,25.0,131.11,auto
15/11/22,0.83,0.8,mani
15/11/22,60.0,126.67,bagno
15/11/22,7.0,22.22,doccia
15/11/22,2.5,0.8,denti
15/11/22,35.0,17.22,piatti
15/11/22,30.0,142.22,auto
16/11/22,1.0,0.7,mani
16/11/22,52.5,153.33,bagno
16/11/22,6.0,40.0,doccia
16/11/22,4.0,1.0,denti
16/11/22,35.0,16.11,piatti
16/11/22,20.0,142.22,auto
17/11/22,0.67,0.5,mani
17/11/22,37.5,100.0,bagno
17/11/22,11.0,31.11,doccia
17/11/22,2.5,0.8,denti
17/11/22,35.0,22.78,piatti
17/11/22,25.0,142.22,auto
18/11/22,0.72,1.0,mani
18/11/22,45.0,133.33,bagno
18/11/22,9.0,33.33,doccia
18/11/22,3.5,0.3,denti
18/11/22,25.0,25.0,piatti
18/11/22,30.0,147.78,auto
19/11/22,0.67,0.2,mani
19/11/22,52.5,140.0,bagno
19/11/22,5.0,22.22,doccia
19/11/22,3.5,0.4,denti
19/11/22,40.0,19.44,piatti
19/11/22,35.0,120.0,auto
20/11/22,0.67,0.9,mani
20/11/22,60.0,106.67,bagno
20/11/22,6.0,26.67,doccia
20/11/22,2.5,0.7,denti
20/11/22,20.0,17.22,piatti
20/11/22,35.0,164.44,auto
21/11/22,0.72,0.5,mani
21/11/22,30.0,133.33,bagno
21/11/22,6.0,28.89,doccia
21/11/22,2.0,0.3,denti
21/11/22,30.0,22.78,piatti
21/11/22,30.0,131.11,auto
22/11/22,1.0,0.4,mani
22/11/22,52.5,153.33,bagno
22/11/22,5.0,24.44,doccia
22/11/22,3.5,1.1,denti
22/11/22,40.0,25.0,piatti
22/11/22,35.0,158.89,auto
23/11/22,0.94,0.2,mani
23/11/22,37.5,140.0,bagno
23/11/22,7.0,20.0,doccia
23/11/22,3.5,1.1,denti
23/11/22,40.0,25.0,piatti
23/11/22,25.0,136.67,auto
24/11/22,0.72,0.8,mani
24/11/22,60.0,126.67,bagno
24/11/22,4.0,37.78,doccia
24/11/22,2.5,0.9,denti
24/11/22,25.0,15.0,piatti
24/11/22,20.0,125.56,auto
25/11/22,0.72,0.4,mani
25/11/22,60.0,153.33,bagno
25/11/22,6.0,28.89,doccia
25/11/22,3.0,0.8,denti
25/11/22,30.0,20.56,piatti
25/11/22,30.0,170.0,auto
26/11/22,0.5,0.9,mani
26/11/22,37.5,140.0,bagno
26/11/22,9.0,40.0,doccia
26/11/22,2.5,1.0,denti
26/11/22,40.0,17.22,piatti
26/11/22,20.0,142.22,auto
27/11/22,0.89,0.6,mani
27/11/22,52.5,120.0,bagno
27/11/22,8.0,24.44,doccia
27/11/22,3.0,0.7,denti
27/11/22,35.0,23.89,piatti
27/11/22,40.0,147.78,auto
28/11/22,0.89,0.9,mani
28/11/22,37.5,106.67,bagno
28/11/22,7.0,26.67,doccia
28/11/22,3.5,0.3,denti
28/11/22,35.0,25.0,piatti
28/11/22,25.0,131.11,auto
29/11/22,1.0,1.0,mani
29/11/22,60.0,126.67,bagno
29/11/22,6.0,26.67,doccia
29/11/22,3.0,1.2,denti
29/11/22,30.0,21.67,piatti
29/11/22,25.0,170.0,auto
30/11/22,0.5,0.3,mani
30/11/22,37.5,140.0,bagno
30/11/22,9.0,37.78,doccia
30/11/22,2.5,0.3,denti
30/11/22,25.0,22.78,piatti
30/11/22,30.0,158.89,auto
01/12/22,0.5,0.9,mani
01/12/22,30.0,106.67,bagno
01/12/22,11.0,22.22,doccia
01/12/22,3.5,1.2,denti
01/12/22,35.0,17.22,piatti
01/12/22,40.0,142.22,auto
02/12/22,0.67,0.3,mani
02/12/22,30.0,106.67,bagno
02/12/22,11.0,40.0,doccia
02/12/22,4.0,0.7,denti
02/12/22,20.0,23.89,piatti
02/12/22,30.0,136.67,auto
03/12/22,0.78,0.3,mani
03/12/22,30.0,153.33,bagno
03/12/22,4.0,22.22,doccia
03/12/22,2.5,0.4,denti
03/12/22,30.0,21.67,piatti
03/12/22,25.0,153.33,auto
04/12/22,0.5,1.0,mani
04/12/22,52.5,160.0,bagno
04/12/22,7.0,28.89,doccia
04/12/22,2.0,0.6,denti
04/12/22,40.0,15.0,piatti
04/12/22,25.0,147.78,auto
05/12/22,0.56,0.3,mani
05/12/22,52.5,160.0,bagno
05/12/22,9.0,35.56,doccia
05/12/22,2.5,0.4,denti
05/12/22,30.0,17.22,piatti
05/12/22,20.0,147.78,auto
06/12/22,0.72,0.7,mani
06/12/22,30.0,140.0,bagno
06/12/22,11.0,26.67,doccia
06/12/22,4.0,0.4,denti
06/12/22,30.0,25.0,piatti
06/12/22,30.0,125.56,auto
07/12/22,0.89,0.3,mani
07/12/22,30.0,153.33,bagno
07/12/22,10.0,37.78,doccia
07/12/22,2.5,1.0,denti
07/12/22,20.0,18.33,piatti
07/12/22,35.0,170.0,auto
08/12/22,0.83,0.3,mani
08/12/22,37.5,126.67,bagno
08/12/22,9.0,31.11,doccia
08/12/22,2.5,1.0,denti
08/12/22,30.0,19.44,piatti
08/12/22,25.0,136.67,auto
09/12/22,0.78,0.9,mani
09/12/22,60.0,113.33,bagno
09/12/22,8.0,40.0,doccia
09/12/22,2.5,0.4,denti
09/12/22,35.0,15.0,piatti
09/12/22,30.0,158.89,auto
10/12/22,0.89,0.4,mani
10/12/22,37.5,100.0,bagno
10/12/22,4.0,31.11,doccia
10/12/22,3.0,0.3,denti
10/12/22,25.0,18.33,piatti
10/12/22,25.0,147.78,auto
11/12/22,0.61,0.8,mani
11/12/22,30.0,126.67,bagno
11/12/22,5.0,35.56,doccia
11/12/22,3.0,1.2,denti
11/12/22,20.0,23.89,piatti
11/12/22,30.0,147.78,auto
12/12/22,0.72,0.8,mani
12/12/22,37.5,120.0,bagno
12/12/22,11.0,37.78,doccia
12/12/22,2.0,1.1,denti
12/12/22,35.0,16.11,piatti
12/12/22,35.0,164.44,auto
13/12/22,1.0,0.5,mani
13/12/22,45.0,106.67,bagno
13/12/22,5.0,28.89,doccia
13/12/22,3.5,0.8,denti
13/12/22,35.0,17.22,piatti
13/12/22,35.0,170.0,auto
14/12/22,0.5,0.2,mani
14/12/22,52.5,120.0,bagno
14/12/22,8.0,24.44,doccia
14/12/22,4.0,1.1,denti
14/12/22,30.0,17.22,piatti
14/12/22,30.0,158.89,auto
15/12/22,0.72,0.4,mani
15/12/22,37.5,133.33,bagno
15/12/22,4.0,20.0,doccia
15/12/22,4.0,0.3,denti
15/12/22,25.0,17.22,piatti
15/12/22,20.0,120.0,auto
16/12/22,0.94,0.2,mani
16/12/22,52.5,106.67,bagno
16/12/22,7.0,35.56,doccia
16/12/22,4.0,0.5,denti
16/12/22,20.0,23.89,piatti
16/12/22,30.0,136.67,auto
17/12/22,0.78,1.0,mani
17/12/22,45.0,133.33,bagno
17/12/22,10.0,40.0,doccia
17/12/22,3.0,1.2,denti
17/12/22,25.0,25.0,piatti
17/12/22,20.0,158.89,auto
18/12/22,0.72,0.6,mani
18/12/22,52.5,113.33,bagno
18/12/22,7.0,28.89,doccia
18/12/22,3.0,0.6,denti
18/12/22,20.0,18.33,piatti
18/12/22,40.0,125.56,auto
19/12/22,1.0,1.0,mani
19/12/22,45.0,160.0,bagno
19/12/22,9.0,37.78,doccia
19/12/22,3.0,0.7,denti
19/12/22,40.0,17.22,piatti
19/12/22,30.0,158.89,auto
20/12/22,0.78,0.3,mani
20/12/22,45.0,140.0,bagno
20/12/22,8.0,35.56,doccia
20/12/22,2.5,0.7,denti
20/12/22,30.0,15.0,piatti
20/12/22,20.0,120.0,auto
21/12/22,0.94,0.6,mani
21/12/22,45.0,133.33,bagno
21/12/22,5.0,40.0,doccia
21/12/22,4.0,0.4,denti
21/12/22,35.0,17.22,piatti
21/12/22,25.0,147.78,auto
22/12/22,0.5,0.8,mani
22/12/22,45.0,160.0,bagno
22/12/22,9.0,24.44,doccia
22/12/22,2.5,0.8,denti
22/12/22,20.0,17.22,piatti
22/12/22,25.0,153.33,auto
23/12/22,0.83,0.5,mani
23/12/22,60.0,100.0,bagno
23/12/22,5.0,26.67,doccia
23/12/22,2.5,0.3,denti
23/12/22,20.0,16.11,piatti
23/12/22,40.0,147.78,auto
24/12/22,0.56,0.7,mani
24/12/22,45.0,120.0,bagno
24/12/22,9.0,22.22,doccia
24/12/22,2.5,0.4,denti
24/12/22,35.0,22.78,piatti
24/12/22,40.0,120.0,auto
25/12/22,0.78,0.9,mani
25/12/22,37.5,100.0,bagno
25/12/22,8.0,24.44,doccia
25/12/22,2.5,0.3,denti
25/12/22,35.0,23.89,piatti
25/12/22,40.0,120.0,auto
26/12/22,0.61,0.4,mani
26/12/22,52.5,153.33,bagno
26/12/22,10.0,37.78,doccia
26/12/22,4.0,0.8,denti
26/12/22,35.0,20.56,piatti
26/12/22,25.0,120.0,auto
27/12/22,0.78,0.9,mani
27/12/22,45.0,146.67,bagno
27/12/22,10.0,35.56,doccia
27/12/22,2.0,1.0,denti
27/12/22,25.0,17.22,piatti
27/12/22,35.0,120.0,auto
28/12/22,0.89,0.2,mani
28/12/22,45.0,126.67,bagno
28/12/22,9.0,24.44,doccia
28/12/22,2.5,1.2,denti
28/12/22,20.0,20.56,piatti
28/12/22,35.0,131.11,auto
29/12/22,0.72,0.3,mani
29/12/22,52.5,100.0,bagno
29/12/22,9.0,24.44,doccia
29/12/22,4.0,0.4,denti
29/12/22,40.0,21.67,piatti
29/12/22,20.0,147.78,auto
30/12/22,0.89,0.2,mani
30/12/22,52.5,106.67,bagno
30/12/22,10.0,33.33,doccia
30/12/22,3.0,1.2,denti
30/12/22,20.0,23.89,piatti
30/12/22,25.0,170.0,auto
31/12/22,0.94,0.7,mani
31/12/22,45.0,146.67,bagno
31/12/22,8.0,22.22,doccia
31/12/22,2.0,0.9,denti
31/12/22,25.0,21.67,piatti
31/12/22,35.0,125.56,auto
